{
  "lang":"en",
  "pipeline":[
    "ner"
  ],
  "spacy_version":">=2.3.2",
  "speed":{
    "nwords":28894,
    "cpu":11505.6324552028,
    "gpu":null
  },
  "accuracy":{
    "ents_f":45.7079152731,
    "ents_p":46.2753950339,
    "ents_r":45.154185022,
    "ents_per_type":{
      "Medicinal":{
        "p":53.7414965986,
        "r":52.6666666667,
        "f":53.1986531987
      },
      "participant_health":{
        "p":50.0,
        "r":11.1111111111,
        "f":18.1818181818
      },
      "Other_ingredients":{
        "p":66.6666666667,
        "r":24.0,
        "f":35.2941176471
      },
      "Symptom_WorkedFor":{
        "p":40.1162790698,
        "r":57.9831932773,
        "f":47.4226804124
      },
      "Symptom_TestedFor":{
        "p":0.0,
        "r":0.0,
        "f":0.0
      },
      "#Participants":{
        "p":54.5454545455,
        "r":50.0,
        "f":52.1739130435
      },
      "Drug/Scientific":{
        "p":44.2857142857,
        "r":65.9574468085,
        "f":52.9914529915
      },
      "Duration":{
        "p":57.1428571429,
        "r":28.5714285714,
        "f":38.0952380952
      },
      "Dosage":{
        "p":16.6666666667,
        "r":33.3333333333,
        "f":22.2222222222
      },
      "Metric":{
        "p":77.7777777778,
        "r":36.8421052632,
        "f":50.0
      }
    },
    "token_acc":100.0
  },
  "vectors":{
    "width":0,
    "vectors":0,
    "keys":0,
    "name":"spacy_pretrained_vectors"
  },
  "name":"model0",
  "version":"0.0.0",
  "labels":{
    "ner":[
      "#Participants",
      "Dosage",
      "Drug/Scientific",
      "Duration",
      "Medicinal",
      "Metric",
      "Other_ingredients",
      "Symptom_TestedFor",
      "Symptom_WorkedFor",
      "null",
      "od",
      "participant_health"
    ]
  }
}