{
  "lang":"en",
  "pipeline":[
    "ner"
  ],
  "spacy_version":">=2.3.2",
  "speed":{
    "nwords":28894,
    "cpu":11458.2096559183,
    "gpu":null
  },
  "accuracy":{
    "ents_f":45.4545454545,
    "ents_p":46.9483568075,
    "ents_r":44.0528634361,
    "ents_per_type":{
      "Medicinal":{
        "p":52.8169014085,
        "r":50.0,
        "f":51.3698630137
      },
      "Other_ingredients":{
        "p":63.6363636364,
        "r":28.0,
        "f":38.8888888889
      },
      "participant_health":{
        "p":60.0,
        "r":16.6666666667,
        "f":26.0869565217
      },
      "Symptom_WorkedFor":{
        "p":42.4657534247,
        "r":52.1008403361,
        "f":46.7924528302
      },
      "Symptom_TestedFor":{
        "p":10.3448275862,
        "r":6.3829787234,
        "f":7.8947368421
      },
      "#Participants":{
        "p":50.0,
        "r":41.6666666667,
        "f":45.4545454545
      },
      "Drug/Scientific":{
        "p":59.649122807,
        "r":72.3404255319,
        "f":65.3846153846
      },
      "Duration":{
        "p":50.0,
        "r":28.5714285714,
        "f":36.3636363636
      },
      "Dosage":{
        "p":0.0,
        "r":0.0,
        "f":0.0
      },
      "Metric":{
        "p":63.6363636364,
        "r":36.8421052632,
        "f":46.6666666667
      }
    },
    "token_acc":100.0
  },
  "vectors":{
    "width":0,
    "vectors":0,
    "keys":0,
    "name":"spacy_pretrained_vectors"
  },
  "name":"model0",
  "version":"0.0.0",
  "labels":{
    "ner":[
      "#Participants",
      "Dosage",
      "Drug/Scientific",
      "Duration",
      "Medicinal",
      "Metric",
      "Other_ingredients",
      "Symptom_TestedFor",
      "Symptom_WorkedFor",
      "null",
      "od",
      "participant_health"
    ]
  }
}